nSeqCDR3,count
TGCAGCGCCCGGACAGGTAACTACGAGCAGTACTTC,1
TGCAGCGTCCGGGACAGGGCGAGAGAGCAGTACTTC,1
TGCAGCGTGTCCGCGGGGTTAAGCAATCAGCCCCAGCATTTT,1
TGCAGCGTTAGACTGAACACTGAAGCTTTCTTT,1
TGCAGCGTTCAGGGGGGCTCCTACAATGAGCAGTTCTTC,1
TGCAGCGTTCCCGGGACCGCCAACACTGAAGCTTTCTTT,1
TGCAGCGTTGAAAAGATCGCTGAAGCTTTCTTT,1
TGCAGCGTTGAAGAGGACAGCAATCAGCCCCAGCATTTT,1
TGCAGCGTTGAATCAGGGGGGGCGAACTATGGCTACACCTTC,1
TGCAGCGTTGACTCGGGGTTGGAAGCTTTCTTT,1
TGCAGCGTTGAGGCAGGAGAGAAACTGTTTTTT,1
TGCAGCGTTGAGGGGGGACTTAGGGGGCCTCAAGAGACCCAGTACTTC,1
TGCAGCGTTGGGGGAATGAACACTGAAGCTTTCTTT,1
TGCAGCGTTGGGGTCAACACCGGGGAGCTGTTTTTT,1
TGCAGCGTTGGGGTTAGCGGCGGGGAGCTGTTTTTT,1
TGCAGCGTTTGGAGTGGCACTGAAGCTTTCTTT,1
TGCAGTACCCGACTTTTCTTT,1
TGCAGTATAGGCGGACTAGCGGGGTGGGCCGGGGAGCTGTTTTTT,2
TGCAGTGCAGACCCTAGCGGGGGTAATTACAATGAGCAGTTCTTC,1
TGCAGTGCAGAGGGGCGGGGGAACTCCTACAATGAGCAGTTCTTC,1
TGCAGTGCCCCCGGCTGGCAGAATCAGCCCCAGCATTTT,1
TGCAGTGCCCCTTCCAGCTCTGGAAACACCATATATTTT,1
TGCAGTGCTAGACTTGGGGAGACCCAGTACTTC,1
TGCAGTGCTAGAGACATAACCTATGGCTACACCTTC,1
TGCAGTGCTAGAGAGGAGGCCCGGACCCAGTACTTC,1
TGCAGTGCTAGAGATCCAAGACAGAGCTCCTACGAGCAGTACTTC,1
TGCAGTGCTAGAGATCGGAGGCAGGGGGCCATCAATGAGCAGTTCTTC,1
TGCAGTGCTAGAGATTCAGGGACACACTCCTACGAGCAGTACTTC,1
TGCAGTGCTAGAGCTAACGATAGGACTGGAGCTTTCTTT,1
TGCAGTGCTAGAGGTCGTTCGGACACTGAAGCTTTCTTT,1
TGCAGTGCTAGAGTAGCAATGGAGGGACAGGGGTCACCCCTCCACTTT,1
TGCAGTGCTAGAGTTGACGGGGATAATACTGAAGCTTTCTTT,1
TGCAGTGCTAGCCAGGGGGAAAGAGGAAACACCATATATTTT,1
TGCAGTGCTAGCCCAAAGGGGGGGGTTAGGGGTGGAGCTTTCTTT,1
TGCAGTGCTAGCTGGGACAGCAGAAACACCATATATTTT,1
TGCAGTGCTAGGGAAGCGGGGGGTGTATACGAGCAGTACTTC,1
TGCAGTGCTAGGGAGGCGGGGTATAGCAATCAGCCCCAGCATTTT,1
TGCAGTGCTCCAGGAGGGAGCGGGGGCTATGGCTACACCTTC,1
TGCAGTGCTCCCCGGGACAGTCTCACCGGGGAGCTGTTTTTT,1
TGCAGTGCTCGTACAGGGGGCAGCCACACTGAAGCTTTCTTT,1
TGCAGTGCTGCCCGTTCAGGGGAGCAGTACTTC,1
TGCAGTGCTGGAGGGGAGCGGGGGATAAATCAGCCCCAGCATTTT,1
TGCAGTGCTGGTGACAGGGGCGATGAGCAGTTCTTC,1
TGCAGTGCTTTACAGGGTAATGGGCCCCAGCATTTT,1
TGCAGTGGCCCGTCCCCGACAGAGGCCATGAACACTGAAGCTTTCTTT,1
TGCGCCAGAGCTAAACAGGGGGCTCTACTCAAGTTGAACACTGAAGCTTTCTTT,1
TGCGCCAGCAAGGAAGGTGCTGGAAACACCATATATTTT,1
TGCGCCAGCACCGCCGGAGGGCAAGCAGATACGCAGTATTTT,1
TGCGCCAGCACCTACACCGACTCTGGGGCCAACGTCCTGACTTTC,1
TGCGCCAGCAGACCGGTCGGTAGTTTGTACACTGAAGCTTTCTTT,1
TGCGCCAGCAGATCCGGACAGCCGAACACTGAAGCTTTCTTT,1
TGCGCCAGCAGCAATGACAGGGAAACCTACAATGAGCAGTTCTTC,2
TGCGCCAGCAGCCAAAAGGCAGGGTCCGTGGAAGGCTACACCTTC,1
TGCGCCAGCAGCCAAAGTGGCAGCTCCTACGAGCAGTACTTC,1
TGCGCCAGCAGCCAACCAGGCCGGAACACTGAAGCTTTCTTT,1
TGCGCCAGCAGCCAACCCACACCCGGGACAGGGTACGAAAAACTGTTTTTT,1
TGCGCCAGCAGCCAAGAACAGGGACAGAACACTGAAGCTTTCTTT,1
TGCGCCAGCAGCCAAGAACCCCGGACTAGCGGGGGTACCGGGGAGCTGTTTTTT,1
TGCGCCAGCAGCCAAGAACGGATTTCAACTAATGAAAAACTGTTTTTT,1
TGCGCCAGCAGCCAAGAAGGCGAAAAACTGTTTTTT,1
TGCGCCAGCAGCCAAGAAGGGGAGCGACAGCCCCAGCATTTT,1
TGCGCCAGCAGCCAAGAATCCGGGACAGGGTATGAAAAACTGTTTTTT,1
TGCGCCAGCAGCCAAGACCTAGCCTACGAGCAGTACTTC,1
TGCGCCAGCAGCCAAGAGCTAGCGGGGGGGTCTGGGGCCAACGTCCTGACTTTC,1
TGCGCCAGCAGCCAAGAGGGGTCCACCTATTCTGGGGCCAACGTCCTGACTTTC,1
TGCGCCAGCAGCCAAGAGGGTGGGGGACGCTACTATGGCTACACCTTC,1
TGCGCCAGCAGCCAAGAGTGGGGCCAAGAGACCCAGTACTTC,1
TGCGCCAGCAGCCAAGATACGGGGTCCGGGGCCAACGTCCTGACTTTC,1
TGCGCCAGCAGCCAAGATCAGGGCTCTGGGGCCAACGTCCTGACTTTC,1
TGCGCCAGCAGCCAAGATCCGAACACTGAAGCTTTCTTT,1
TGCGCCAGCAGCCAAGATCCTCGGTATGGCTACACCTTC,1
TGCGCCAGCAGCCAAGATCGAGGGGGAATCGGAGGCACTGAAGCTTTCTTT,2
TGCGCCAGCAGCCAAGATCGAGGGGGGGCAGATACGCAGTATTTT,1
TGCGCCAGCAGCCAAGATCTTGGGGGGAGGGCTGAAGCTTTCTTT,1
TGCGCCAGCAGCCAAGATGAGGAAGCGGGATTCTACAATGAGCAGTTCTTC,1
TGCGCCAGCAGCCAAGATGGGACTAGCGGGGGAGAGACCCAGTACTTC,1
TGCGCCAGCAGCCAAGATGTAGGGCTGGATCAGCCCCAGCATTTT,1
TGCGCCAGCAGCCAAGATTGGCCACGGCAGGTATACTTTCAGCCCCAGCATTTT,1
TGCGCCAGCAGCCAAGCACGGGCCTCCTACGAGCAGTACTTC,1
TGCGCCAGCAGCCAAGCCCCACCGGGACAGGGGACCTACGAGCAGTACTTC,1
TGCGCCAGCAGCCAAGCCCGGGTTTCGGTAAATCAGCCCCAGCATTTT,1
TGCGCCAGCAGCCAAGCTAGCGGGGGGGCAGATACGCAGTATTTT,1
TGCGCCAGCAGCCAAGGACAGCTAAGCTCCTACGAGCAGTACTTC,1
TGCGCCAGCAGCCAAGGACTAGCGGACTACAATGAGCAGTTCTTC,1
TGCGCCAGCAGCCAAGGATTATTAACAAGACTAAGTCGGCATCAGCCCCAGCATTTT,1
TGCGCCAGCAGCCAAGGCCCATACTCTAATGAAAAACTGTTTTTT,1
TGCGCCAGCAGCCAAGGCCCCGCCTACGAGCAGTACTTC,1
TGCGCCAGCAGCCAAGGCGGGACAGGGCGAGATACGCAGTATTTT,1
TGCGCCAGCAGCCAAGGCGGGGGTTACCCTCTCGAGCAGTACTTC,3
TGCGCCAGCAGCCAAGGGACAGAGCATGGCTACACCTTC,1
TGCGCCAGCAGCCAAGGGACATATAGCAATCAGCCCCAGCATTTT,1
TGCGCCAGCAGCCAAGGTGTACTGCAGCTCGCTGAAGCTTTCTTT,1
TGCGCCAGCAGCCAGGCAGACGGGGCCCTCTATGGCTACACCTTC,1
TGCGCCAGCAGCCAGGGACTTAGCTCCTACGAGCAGTACTTC,1
TGCGCCAGCAGCCAGGTGGGCGGGGGATCCTACGAGCAGTACTTC,1
TGCGCCAGCAGCCATGAACCCTGGAACACTGAAGCTTTCTTT,1
TGCGCCAGCAGCCATGCAGGGGGCTCTGGGGCCAACGTCCTGACTTTC,1
TGCGCCAGCAGCCCAAGGGGAGCGGGAAACACCATATATTTT,1
TGCGCCAGCAGCCCAGCGGGGGGTGCAGATACGCAGTATTTT,1
TGCGCCAGCAGCCCCACCCGGGACCTGAACACTGAAGCTTTCTTT,1
TGCGCCAGCAGCCCCAGGACAGGACCCTACGAGCAGTACTTC,1
TGCGCCAGCAGCCCCCTAATAGGTGAAGCTTTCTTT,1
TGCGCCAGCAGCCCCGGGGGAGACGGCTACACCTTC,1
TGCGCCAGCAGCCCCTGGAGGGGAGACACTGAAGCTTTCTTT,40
TGCGCCAGCAGCCCGACTAGCGGGGGGACAGATACGCAGTATTTT,1
TGCGCCAGCAGCCCGCGGGGGGCGGAGACCCAGTACTTC,1
TGCGCCAGCAGCCCTTGGACAGGGGGAAATGAGCAGTTCTTC,1
TGCGCCAGCAGCCGATCCGGGACAGAGAACACTGAAGCTTTCTTT,1
TGCGCCAGCAGCCTAGCGGGGGGGCCAGAGACCCAGTACTTC,1
TGCGCCAGCAGCCTCGCGTGGGGGGGCGTAGTGTACGAGCAGTACTTC,1
TGCGCCAGCAGCCTCGGGGGGCAGGGACTGAACGAGCAGTACTTC,1
TGCGCCAGCAGCCTGGCCTCATTTAGCTATGGCTACACCTTC,1
TGCGCCAGCAGCCTTACTGAGGCCACGGGAGGGATCCGATACGAGCAGTACTTC,1
TGCGCCAGCAGCGAGCGGGGTGGGCAGTTCTTC,1
TGCGCCAGCAGCGAGTGGGAGGGTTCCACTGAAGCTTTCTTT,1
TGCGCCAGCAGCGCGGGGCCCCGAGATGAAAAACTGTTTTTT,1
TGCGCCAGCAGCGGCGGGACTCAAGAGTATTTT,1
TGCGCCAGCAGCTCCCTTAACACCGGGGAGCTGTTTTTT,1
TGCGCCAGCAGCTCCTGGGCTAAGTCTCTGAACACTGAAGCTTTCTTT,1
TGCGCCAGCAGCTCGGGGGGGCCCTCCTACAATGAGCAGTTCTTC,1
TGCGCCAGCAGCTGGGCGACAGGGGGGGGCTACGAGCAGTACTTC,1
TGCGCCAGCAGCTTAAACGCCGACACCTACAATGAGCAGTTCTTC,1
TGCGCCAGCAGCTTAAGTACAGGGGGCGTCACTGAAGCTTTCTTT,1
TGCGCCAGCAGCTTAGGCAAAGGGGAGCAGTACTTC,1
TGCGCCAGCAGCTTAGGGGCCTACGAGCAGTACTTC,1
TGCGCCAGCAGCTTAGGGGTCATGGGCGTCGACACTGAAGCTTTCTTT,1
TGCGCCAGCAGCTTCCAGGGGGGGAACACTGAAGCTTTCTTT,1
TGCGCCAGCAGCTTGACGGCAGAACAATATGGCTACACCTTC,1
TGCGCCAGCAGCTTGGAAGGGTTTATTAATGAAAAACTGTTTTTT,1
TGCGCCAGCAGCTTGGACGGGGGAGACTATGGCTACACCTTC,1
TGCGCCAGCAGCTTGGATCGGGGCACCCCACGTGAAGCTTTCTTT,1
TGCGCCAGCAGCTTGGCCAGCGGAACCTACGAGCAGTACTTC,1
TGCGCCAGCAGCTTGGCCGACAGCTTCTATGGCTACACCTTC,1
TGCGCCAGCAGCTTGGCTCCCAGCGGGGGGGCAAGGTACAATGAGCAGTTCTTC,1
TGCGCCAGCAGCTTGGGACCGCAATCTGGAAACACCATATATTTT,1
TGCGCCAGCAGCTTGGGGGGACCGATCAATGAGCAGTTCTTC,1
TGCGCCAGCAGCTTGGGGGGCAGTGGGCAGTTCTTC,1
TGCGCCAGCAGCTTGGGGGGGACGGCTAACTATGGCTACACCTTC,1
TGCGCCAGCAGCTTGGGGTCGGGAAGCGGACTCCAAGAGACCCAGTACTTC,1
TGCGCCAGCAGCTTGGGTGCCGGGGGCATGCAGGGCTACACCTTC,1
TGCGCCAGCAGCTTGGGTTTCAGGACTAATGAAAAACTGTTTTTT,1
TGCGCCAGCAGCTTGGTATCAGGGAATCAGCCCCAGCATTTT,1
TGCGCCAGCAGCTTGGTTACGCCCGAATGGAACACTGAAGCTTTCTTT,1
TGCGCCAGCAGCTTGTGGGGCTACGAGCAGTACTTC,1
TGCGCCAGCAGCTTTGGAAACGAATTTGGGGCCAACGTCCTGACTTTC,1
TGCGCCAGCAGGGAGGGGAGCACAGATACGCAGTATTTT,1
TGCGCCAGCAGTCAGGGAGGGTACTACGAGCAGTACTTC,1
TGCGCCAGCAGTCGAGGGGGGGGCACAGATACGCAGTATTTT,1
TGCGCCAGCAGTGAAGGACAGCAAGCAACCTACGAGCAGTACTTC,1
TGCGCCAGCAGTGAGAGACAGAGCTACGAGCAGTACTTC,1
TGCGCCAGCAGTTCTGGGGCGCGGGTTAATTCACCCCTCCACTTT,1
TGCGCCAGCGGAGGAGCTAACTATGGCTACACCTTC,1
TGCGCCAGCGGGGATTTGGGTAACTATGGCTACACCTTC,1
TGCGCCAGCTGCTCGACCAGGGGGGACACTGAAGCTTTCTTT,1
TGCGCCGGCCGGGACACCGCCTCCTACGAGCAGTACTTC,1
TGTGCAAGTCGCTTAGACAGGGGCAATCAGCCCCAGCATTTT,1
TGTGCCAACCCAACTAGCGGGGGACCTTACGAGCAGTACTTC,1
TGTGCCACCAAAGGGAGTTGGGCCACTGAAGCTTTCTTT,1
TGTGCCACCAATGAAAGACACTTCGGGGAGCAGTACTTC,1
TGTGCCACCACCCAGGGGGCGCGCACTGAAGCTTTCTTT,1
TGTGCCACCAGAAGGGGAGGCACCGGGGAGCTGTTTTTT,1
TGTGCCACCAGCACGACCGGGACGGTCTCCTACGAGCAGTACTTC,1
TGTGCCACCAGCAGAGAGATGAACACTGAAGCTTTCTTT,1
TGTGCCACCAGCAGGGACCCAGGGAATTCACCCCTCCACTTT,1
TGTGCCACCAGCAGTCTAGCGGGGTCCTTCTCCTACAATGGGCAGTTCTTC,1
TGTGCCACCAGCCGGGGGGGGGAGAATTCACCCCTCCACTTT,1
TGTGCCACCAGCGGCGGGACAGGGGCTGGGAATGAGCAGTTCTTC,1
TGTGCCACCAGCGGGGGGGCTCGGCAGCCCCAGCATTTT,1
TGTGCCACCAGCGTCCGGGACAGGGGCCTTACCTACGAGCAGTACTTC,1
TGTGCCACCAGTGACAGCGGACAGGGGGCAAACTATGGCTACACCTTC,1
TGTGCCACCAGTGAGTCGGGGACAGGGGAGTACGGGGAGCTGTTTTTT,1
TGTGCCACCAGTGATCCCAATGAAAAACTGTTTTTT,1
TGTGCCACCAGTGATTCAGGCAGGTACTCCTACAATGAGCAGTTCTTC,1
TGTGCCACCAGTGATTTATCTATGGCTTTCTTT,1
TGTGCCACCAGTGATTTTTCGACAGGGCGGGAGACCCAGTACTTC,1
TGTGCCACCAGTGCGGGGGGGGACTTCGCGAACACCGGGGAGCTGTTTTTT,1
TGTGCCACCAGTGGACAGGGGGCTGCGAACACCGGGGAGCTGTTTTTT,1
TGTGCCACCAGTGGGGGGAAACTCACCGGGGAGCTGTTTTTT,1
TGTGCCACCCCTCCCCCCGGGATTAATGAAAAACTGTTTTTT,1
TGTGCCACCCTGCCTAATGGCCGGAGTAGCAATCAGCCCCAGCATTTT,1
TGTGCCACCGCCCGGGCACCGAATGAAAAACTGTTTTTT,1
TGTGCCACCGCTCCGAGGATTCTGAAAAACACCGGGGAGCTGTTTTTT,1
TGTGCCACCGGGAAGACTAGCGGGGACGCAGATACGCAGTATTTT,1
TGTGCCACCGGGAGGGAAACAACTAATGAAAAACTGTTTTTT,1
TGTGCCACCGGGGAGGACTATGGCTACACCTTC,1
TGTGCCACGAGAGACGCAACTAATGAAAAACTGTTTTTT,1
TGTGCCACTACTCAGACTAGCGGGCACTACGAGCAGTACTTC,1
TGTGCCACTTGGACTAGCGGGGATTGGGTGCAGTACTTC,1
TGTGCCAGCAAAAGGGAAGGCACTGAAGCTTTCTTT,1
TGTGCCAGCAAAAGGGGCACGGGCACTGAAGCTTTCTTT,1
TGTGCCAGCAAACAGGGAGACTATGGCTACACCTTC,1
TGTGCCAGCAAAGCAGCAGGTATGAACACTGAAGCTTTCTTT,1
TGTGCCAGCAAATCAAGGGCAGGGGAGTATAATTCACCCCTCCACTTT,1
TGTGCCAGCAACCGACAGGGGCCTAACACTGAAGCTTTCTTT,1
TGTGCCAGCAACCGACAGGTCACTGAAGCTTTCTTT,1
TGTGCCAGCAACCGGGACAGGGGGGAAAAGACCCAGTACTTC,3
TGTGCCAGCAAGAAGACAGGGGGCGCTTTGTACGAGCAGTACTTC,1
TGTGCCAGCAAGGGACTAGCGGGGGATAAGGAGTATTTT,1
TGTGCCAGCAAGGGGGACAGGGGTGACAACCCTAACTATGGCTACACCTTC,1
TGTGCCAGCAATAAGGTCGGTCAGCCCCAGCATTTT,1
TGTGCCAGCAATAGTGGGGTATCGAACACCGGGGAGCTGTTTTTT,1
TGTGCCAGCACACCACGTCAAGGGAGTTTCACTGAAGCTTTCTTT,1
TGTGCCAGCACAGGACCTGAGGGGTATGGCTACACCTTC,1
TGTGCCAGCACAGGCAGCGCCTACGAGCAGTACTTC,1
TGTGCCAGCACAGGGCAGAACCTCTACGAGCAGTACTTC,1
TGTGCCAGCACAGGGGGTAGCTCCTACGAGCAGTACTTC,1
TGTGCCAGCACCACACAGGGGCGCGGATCACCCCTCCACTTT,1
TGTGCCAGCACCATACGGCGCGCGAGGGGGGCTGAAGCTTTCTTT,1
TGTGCCAGCACCCAAGCCCCCAGGGTCGCTGAAGCTTTCTTT,1
TGTGCCAGCACCCAGAACGGGAGGAATGGCTACACCTTC,1
TGTGCCAGCACCCCCAGGGTCGGGGAGCTGTTTTTT,1
TGTGCCAGCACCCCCTCGCGGGAAGCTAGGGGCTACACCTTC,2
TGTGCCAGCACCCCGCGGGTGGTAGCTGGAAACACCATATATTTT,1
TGTGCCAGCACCCCGGAGCTCTATAATTCACCCCTCCACTTT,1
TGTGCCAGCACCCGGGAGCGGGGGGGCGAAGAGACCCAGTACTTC,1
TGTGCCAGCACCCTAGAGGCGGTGAGCAATCAGCCCCAGCATTTT,1
TGTGCCAGCACCCTTTGGGGGACAGGTTGGGAGCCCCAGCATTTT,1
TGTGCCAGCACCGATAGGACTCTTGCAACTAATGAAAAACTGTTTTTT,1
TGTGCCAGCACCGTAGGAGTGACCGATGGAAACACCATATATTTT,1
TGTGCCAGCACTCTAGGGGCGAGCTCCTATAATTCACCCCTCCACTTT,1
TGTGCCAGCACTGGGACGTCGGGGACCGAAAAACTGTTTTTT,3
TGTGCCAGCAGAAGTTCTCCCAACAGGGGGCGGTCGGAAAAACTGTTTTTT,1
TGTGCCAGCAGACAGGACAGGGGCACAGATACGCAGTATTTT,1
TGTGCCAGCAGACATCCTCAAAGGAATCAGCCCCAGCATTTT,1
TGTGCCAGCAGACCGACAGGGATGGGTGAAAAACTGTTTTTT,1
TGTGCCAGCAGACTAGCGGGGGACACCGGGGAGCTGTTTTTT,1
TGTGCCAGCAGACTAGGACAGATGAACACTGAAGCTTTCTTT,1
TGTGCCAGCAGACTGACAGGGACTGGCTACACCTTC,1
TGTGCCAGCAGAGACAGAAGCCACGAGCAGTACTTC,2
TGTGCCAGCAGAGACAGGGCGGAAAGCAATCAGCCCCAGCATTTT,1
TGTGCCAGCAGAGCAACGGACAGGGGGAGTCAGTCACCCCTCCACTTT,1
TGTGCCAGCAGAGCAGGGGGCTATTTTGGCTACACCTTC,1
TGTGCCAGCAGAGGACAGAATGAAAAACTGTTTTTT,1
TGTGCCAGCAGAGTACAGCTAATGAACACTGAAGCTTTCTTT,1
TGTGCCAGCAGAGTTCCCAAAGGGAGAAAACTGTTTTTT,1
TGTGCCAGCAGATCCCCTCGGTGGGCTGAAGCTTTCTTT,1
TGTGCCAGCAGATTGAACGACGGGCGTACTAACGAGCAGTACTTC,1
TGTGCCAGCAGCAACCAGGGGGGGGGCACCGGGGAGCTGTTTTTT,1
TGTGCCAGCAGCAAGAGCGCGATCGGGGAGCTGTTTTTT,1
TGTGCCAGCAGCAAGCGGACAGGGGGTAATTCACCCCTCCACTTT,1
TGTGCCAGCAGCACAACAGGAGTCAGTTCCTACGAGCAGTACTTC,1
TGTGCCAGCAGCACCAGACATTTACCTGGCGATGAGCAGTTCTTC,1
TGTGCCAGCAGCACCTTAAGCGAGCAGTTCTTC,1
TGTGCCAGCAGCACGACAGGGGGCGAAGCTTTCTTT,1
TGTGCCAGCAGCACGGGCAGAGGGGGCGAGCAGTACTTC,1
TGTGCCAGCAGCAGAGGGGGACTAGCCACCTACAATGAGCAGTTCTTC,1
TGTGCCAGCAGCAGGACTAGCGGGGGAACGAATACGCAGTATTTT,1
TGTGCCAGCAGCATACAGGGTACGTCAATGAACACTGAAGCTTTCTTT,1
TGTGCCAGCAGCATGTTCGGGACAGGGAATGAAAAACTGTTTTTT,1
TGTGCCAGCAGCCAAACAGGAGCCATGAACACTGAAGCTTTCTTT,1
TGTGCCAGCAGCCAAACGGGACAGGGGGCCTACGAGCAGTACTTC,1
TGTGCCAGCAGCCAAACTAGGGTGACTAATGAAAAACTGTTTTTT,1
TGTGCCAGCAGCCAAACTCCGTCGAACGAGCAGTACTTC,1
TGTGCCAGCAGCCAAAGGGCAGGGAGGGTGACAAATGAAAAACTGTTTTTT,1
TGTGCCAGCAGCCAAAGGTCGGACAATCAGCCCCAGCATTTT,1
TGTGCCAGCAGCCAAATCCCCCGGGACACCAACACTGAAGCTTTCTTT,1
TGTGCCAGCAGCCAACAAACGGGGACAGGGGGCTACGAGCAGTACTTC,1
TGTGCCAGCAGCCAACAGCGGGACAGGGCTTTAGGTAATGAGCAGTTCTTC,1
TGTGCCAGCAGCCAACAGGGAGTCGGGGAGCTGTTTTTT,1
TGTGCCAGCAGCCAACAGGGGACCAAAAACATTCAGTACTTC,1
TGTGCCAGCAGCCAACATAAGGCGGGGGGCGCGGGCAATCAGCCCCAGCATTTT,1
TGTGCCAGCAGCCAACCACAGGGGGCCTATAATTCACCCCTCCACTTT,1
TGTGCCAGCAGCCAACCGGACGGGCTTAACTATGGCTACACCTTC,1
TGTGCCAGCAGCCAACTGGGACATGTCAATGAAAAACTGTTTTTT,1
TGTGCCAGCAGCCAAGAAAGGGCACCCTACAATGAGCAGTTCTTC,1
TGTGCCAGCAGCCAAGAACTAGCGGGGGGTTCAGATACGCAGTATTTT,2
TGTGCCAGCAGCCAAGAAGGGTCTAGCTCTGGAAACACCATATATTTT,1
TGTGCCAGCAGCCAAGACAGCTCCTACGAGCAGTACTTC,1
TGTGCCAGCAGCCAAGACCTAACCAGGGGTCGGATAGACACCTTC,1
TGTGCCAGCAGCCAAGACTGGGGGTATAATTCACCCCTCCACTTT,1
TGTGCCAGCAGCCAAGAGAACTTCAGCTCCTACAATGAGCAGTTCTTC,1
TGTGCCAGCAGCCAAGAGAATCATGGCTACACCTTC,1
TGTGCCAGCAGCCAAGAGATAATCGGGACGGGGAATGAAAAACTGTTTTTT,1
TGTGCCAGCAGCCAAGAGGGGACAGGGGGGGCCGGGGAGCTGTTTTTT,1
TGTGCCAGCAGCCAAGATACGGGATCGAACTATGGCTACACCTTC,1
TGTGCCAGCAGCCAAGATCCGGGGGAGAACACTGAAGCTTTCTTT,1
TGTGCCAGCAGCCAAGATCGGGGGACAGGGACGGCGGGAAAAGCTTTCTTT,1
TGTGCCAGCAGCCAAGATCGTGGGGCGGACGAGCAGTTCTTC,3
TGTGCCAGCAGCCAAGATGGGACCTCTTCCCACTACTATGGCTACACCTTC,1
TGTGCCAGCAGCCAAGATGTCGCAGGGAGGGCTTTCTTT,1
TGTGCCAGCAGCCAAGATGTGACCGTCTCCTACGAGCAGTACTTC,1
TGTGCCAGCAGCCAAGATTCGGGGGGGCAGCCCCAGCATTTT,1
TGTGCCAGCAGCCAAGATTGGGGACTAGCGAAAGAGACCCAGTACTTC,1
TGTGCCAGCAGCCAAGATTTGGGCAGGGCGGCGAACACTGAAGCTTTCTTT,1
TGTGCCAGCAGCCAAGATTTTCCGGGACAGCCCTCTGGAAACACCATATATTTT,1
TGTGCCAGCAGCCAAGCCCCCGTTCTAACTGGAAACACCATATATTTT,1
TGTGCCAGCAGCCAAGCCGCTTCGAGCGGGGGGGCCGGAGAGACCCAGTACTTC,1
TGTGCCAGCAGCCAAGCGGCAGGTGGGGAAGCTTTCTTT,1
TGTGCCAGCAGCCAAGGAAGCGGGGGGGACTACGAGCAGTACTTC,1
TGTGCCAGCAGCCAAGGCCCCCGGGACTCCAGGCCCCCAGTCTTC,1
TGTGCCAGCAGCCAAGGCGCCTACGAGCAGTACTTC,1
TGTGCCAGCAGCCAAGGGGACAGCGATACGAGGCAGTACTTC,1
TGTGCCAGCAGCCAAGGGGCCTCTAACTATGGCTACACCTTC,1
TGTGCCAGCAGCCAAGGGGCGACCGTGAACACTGAAGCTTTCTTT,1
TGTGCCAGCAGCCAAGGGGTTAGTGGAAACACCATATATTTT,1
TGTGCCAGCAGCCAAGGTAATCGGGGAACAGGATCACCCCTCCACTTT,1
TGTGCCAGCAGCCAAGGTAGTCTGAACACTGAAGCTTTCTTT,1
TGTGCCAGCAGCCAAGTGACCCTCGATCGTGGCACCGGGGAGCTGTTTTTT,1
TGTGCCAGCAGCCAAGTGGTGGCCTCGGACGGCTACACCTTC,1
TGTGCCAGCAGCCAAGTGTCGCTAGCGGGCGGTGAGCAGTTCTTC,1
TGTGCCAGCAGCCAAGTTGAGGGGAATTCACCCCTCCACTTT,1
TGTGCCAGCAGCCAAGTTTCCGGCGAACAGCCCCAGCATTTT,1
TGTGCCAGCAGCCAAGTTTCGGGTCTCGGGCGGGGTGAAGCTTTCTTT,1
TGTGCCAGCAGCCAAGTTTTGCGAGCTGGCGGGGAGCTGTTTTTT,1
TGTGCCAGCAGCCAATGGGGACGAGGACCCGAAGCTTTCTTT,1
TGTGCCAGCAGCCAATTGGGAACGGGTATCAATCAGCCCCAGCATTTT,1
TGTGCCAGCAGCCACCGAATCGTCGGGTTATTTAGCGACGAGCAGTACTTC,1
TGTGCCAGCAGCCACCTAGCGGCCAATGAGCAGTTCTTC,1
TGTGCCAGCAGCCAGACAGGGGTCCCGGGCGTTGGCGAAAAACTGTTTTTT,1
TGTGCCAGCAGCCAGACTCCGCCAGTAACTAATGAAAAACTGTTTTTT,1
TGTGCCAGCAGCCAGCGGTCCGGGGGGGCCGGGGAGCTGTTTTTT,1
TGTGCCAGCAGCCAGGACAGGGGGCTTGCTTTCTTT,1
TGTGCCAGCAGCCAGGCTTCGCTGGGGCGGTTGAACACTGAAGCTTTCTTT,1
TGTGCCAGCAGCCAGGGAAGGAATCAGCCCCAGCATTTT,1
TGTGCCAGCAGCCAGGGACTGGGAAATCAGCCCCAGCATTTT,1
TGTGCCAGCAGCCAGGGTGAAAAACTGTTTTTT,1
TGTGCCAGCAGCCAGTCAGAGGTGTATGGCTACACCTTC,1
TGTGCCAGCAGCCATTCCCAAGAGACCCAGTACTTC,1
TGTGCCAGCAGCCATTCCGGGACAGGGAATACTGAAGCTTTCTTT,1
TGTGCCAGCAGCCCAAAGAACAGAGGTGTGGAGACCCAGTACTTC,1
TGTGCCAGCAGCCCAACTCAGGGGCCTGGAAACACCATATATTTT,1
TGTGCCAGCAGCCCACAGCGGGGAGGTAGCGGGAAGCAGTACTTC,1
TGTGCCAGCAGCCCAGAGTGGCAGTCCTCGGGTACAGATACGCAGTATTTT,1
TGTGCCAGCAGCCCAGGGCTTTCCAGCGGGGGGAAGACCTACGAGCAGTACTTC,1
TGTGCCAGCAGCCCAGGGGGGGGAATGAACACTGAAGCTTTCTTT,1
TGTGCCAGCAGCCCAGGTTTGGGATCCTACGAGCAGTACTTC,1
TGTGCCAGCAGCCCATATTCAGGCACAGATACGCAGTATTTT,1
TGTGCCAGCAGCCCATCAACGGGAGAGCGGGCTTTCTTT,1
TGTGCCAGCAGCCCATCTTCTGGCTACACCTTC,1
TGTGCCAGCAGCCCCATAGCGGGAAACTACGAGCAGTACTTC,1
TGTGCCAGCAGCCCCATTGGGACCGGGGAGCTGTTTTTT,1
TGTGCCAGCAGCCCCCGGGGCCGACCTACCCAATACGAGCAGTACTTC,1
TGTGCCAGCAGCCCCCTAGGGACTGGGGCCAACGTCCTGACTTTC,1
TGTGCCAGCAGCCCCCTATGGGGCGCGGGTGGCTACACCTTC,1
TGTGCCAGCAGCCCCCTGGACGGGTTGAACACTGAAGCTTTCTTT,1
TGTGCCAGCAGCCCCGATCTACCCCAGGGGGGGACTGAAGCTTTCTTT,1
TGTGCCAGCAGCCCCGGGACACATAGCAATCAGCCCCAGCATTTT,1
TGTGCCAGCAGCCCCGGGACAGGGGTGGGCACTGAAGCTTTCTTT,1
TGTGCCAGCAGCCCCGGGACAGTGAACACTGAAGCTTTCTTT,1
TGTGCCAGCAGCCCCGGGACGGCGAACACTGAAGCTTTCTTT,1
TGTGCCAGCAGCCCGACAGGCCTCCCAACCTACGAGCAGTACTTC,1
TGTGCCAGCAGCCCGACAGGGAATCTCGGGGAGCTGTTTTTT,1
TGTGCCAGCAGCCCGAGACTTGGTGAAGCTTTCTTT,1
TGTGCCAGCAGCCCGAGAGTGACAGGGGTGGGTTCACCCCTCCACTTT,1
TGTGCCAGCAGCCCGAGATTCGGGCTTGAAGGAAACACCATATATTTT,1
TGTGCCAGCAGCCCGGGACAGGCAAACACCGGGGAGCTGTTTTTT,1
TGTGCCAGCAGCCCGGGGACAGTGAATAATGAAAAACTGTTTTTT,1
TGTGCCAGCAGCCCGTGGACAGCACTCAACACTGAAGCTTTCTTT,1
TGTGCCAGCAGCCCGTGTTTACAGGGGCCCGATACGCAGTATTTT,1
TGTGCCAGCAGCCCTAACAGGGGAATACGAAACACTGAAGCTTTCTTT,1
TGTGCCAGCAGCCCTACGGGACAGCAGCCCCAGCATTTT,1
TGTGCCAGCAGCCCTATGACTAGCGGTGCCTCATCTGGGGCCAACGTCCTGACTTTC,1
TGTGCCAGCAGCCCTATTGGACATCGTAGCACAGATACGCAGTATTTT,1
TGTGCCAGCAGCCCTCGTTGGGGTGAAGCTTTCTTT,1
TGTGCCAGCAGCCCTCTAACCACGGGCGAGCAGTACTTC,1
TGTGCCAGCAGCCCTCTAGCGGGGGGGCCGGCAGATACGCAGTATTTT,1
TGTGCCAGCAGCCCTTCTGCGGGACACACCTACAATGAGCAGTTCTTC,1
TGTGCCAGCAGCCGACAGATCAGTGTCGTCACTGAAGCTTTCTTT,1
TGTGCCAGCAGCCGACCGGGGGCAGATACGCAGTATTTT,1
TGTGCCAGCAGCCGAGAAGGTCTTAGGCGTAATGAAAAACTGTTTTTT,2
TGTGCCAGCAGCCGAGCCAGGGCTGAAGCTTTCTTT,1
TGTGCCAGCAGCCGCCACACCGCCTGGGTCGACTATGGCTACACCTTC,1
TGTGCCAGCAGCCGCGGGCAGGGTGGACAGCCCCAGCATTTT,1
TGTGCCAGCAGCCGGGGGACTTCGATATGGATGAACACTGAAGCTTTCTTT,1
TGTGCCAGCAGCCGTCCGGGACAAAGTAATGAAAAACTGTTTTTT,1
TGTGCCAGCAGCCGTGAAGGGCAGGGTCAAGGAGAGCAGTACTTC,1
TGTGCCAGCAGCCTAATGCAGGGGAACACTGAAGCTTTCTTT,2
TGTGCCAGCAGCCTCCTCAAGGGGGGCTATGGCTACACCTTC,1
TGTGCCAGCAGCCTCTTCGGGGTGAAGAACACTGAAGCTTTCTTT,1
TGTGCCAGCAGCCTGGGGGGGAGCACTGAAGCTTTCTTT,1
TGTGCCAGCAGCCTTCAGGGAATCGCGAACACCGGGGAGCTGTTTTTT,1
TGTGCCAGCAGCCTTGGGATATTTAACTACAATGAGCAGTTCTTC,1
TGTGCCAGCAGCCTTTCGGGGACCTACGAGCAGTACTTC,1
TGTGCCAGCAGCGAAGAACTGAATGAAAAACTGTTTTTT,1
TGTGCCAGCAGCGACCCGACAGGGGGATCCTACGAGCAGTACTTC,1
TGTGCCAGCAGCGACGATTCACCCCTCCACTTT,1
TGTGCCAGCAGCGACGGCCTCATTGAAAAACTGTTTTTT,1
TGTGCCAGCAGCGAGAGAGTGGCTAGCGGGGGGACTTACAATGAGCAGTTCTTC,1
TGTGCCAGCAGCGAGGGTGGGGACGAGCAGTACTTC,1
TGTGCCAGCAGCGCAACCGGGACCCTTGAAGGGGAGCAGTACTTC,1
TGTGCCAGCAGCGCAGGGGACCCCGGCACTGAAGCTTTCTTT,1
TGTGCCAGCAGCGCCGACATCACTAACTATGGCTACACCTTC,1
TGTGCCAGCAGCGCCGGGACAGGGGAATTGGGCGGCTACACCTTC,1
TGTGCCAGCAGCGCCGGGACGGCAACCTACGAGCAGTACTTC,1
TGTGCCAGCAGCGCGGGGAACTATGGCTACACCTTC,1
TGTGCCAGCAGCGCGGTTCGAGATTCACCCCTCCACTTT,1
TGTGCCAGCAGCGCTTCCACGGCCCTAGGCTATGGCTACACCTTC,1
TGTGCCAGCAGCGGACAGGGCCATCAGCCCCAGCATTTT,1
TGTGCCAGCAGCGGAGGGACTCTCGGGATGGAAAAACTGTTTTTT,2
TGTGCCAGCAGCGGCAGCAGCGATCAGCCCCAGCATTTT,1
TGTGCCAGCAGCGGGGACAGGGGGTCACAGCCCCAGCATTTT,1
TGTGCCAGCAGCGGGGACAGTTCTCTGAACACTGAAGCTTTCTTT,1
TGTGCCAGCAGCGGTCGACCCCAAGAGACCCAGTACTTC,1
TGTGCCAGCAGCGTAGAACAGGGCGGAGGTGGCTACACCTTC,1
TGTGCCAGCAGCGTAGAGGCGACTAGCGGGTCCTACGAGCAGTACTTC,1
TGTGCCAGCAGCGTAGCCTCTGTCGGGGGTGAAGCTTTCTTT,1
TGTGCCAGCAGCGTAGCCTTCCGGGGGGCGGATACGCAGTATTTT,1
TGTGCCAGCAGCGTAGCTACCGGGACAGGGACTAACACTGAAGCTTTCTTT,1
TGTGCCAGCAGCGTAGCTCCCCTATTCGACGGAAAACTGTTTTTT,1
TGTGCCAGCAGCGTAGCTTCCCCTACCATCTATGGCTACACCTTC,1
TGTGCCAGCAGCGTAGGCCAGGGTACCTACACTGAAGCTTTCTTT,1
TGTGCCAGCAGCGTAGGGGGGGCGGATGAAAAACTGTTTTTT,1
TGTGCCAGCAGCGTAGTATCCGGGGGGAAGACTGAAGCTTTCTTT,1
TGTGCCAGCAGCGTATCCCTGACAGATACGCAGTATTTT,1
TGTGCCAGCAGCGTATCTGGTACAGGGCGTAATTCACCCCTCCACTTT,1
TGTGCCAGCAGCGTATGGGGGCGCGACGGGGAGCTGTTTTTT,1
TGTGCCAGCAGCGTCGGGCAGGCGGGGGTTTCACCCCTCCACTTT,1
TGTGCCAGCAGCGTTTTAACAGGCACTAATGAAAAACTGTTTTTT,1
TGTGCCAGCAGCTACCACCGGGACAGGGACGAGCAGTACTTC,1
TGTGCCAGCAGCTACCCTATTGGGGATGAAGCTTTCTTT,1
TGTGCCAGCAGCTACGGGACAGGGAGCAATCAGCCCCAGCATTTT,1
TGTGCCAGCAGCTCAACCCTAGCGGGGAACTACGAGCAGTACTTC,1
TGTGCCAGCAGCTCAATCCGCCTATGCCAGTACTTC,1
TGTGCCAGCAGCTCACAGTCCCCGGGGACCGGGGAGCTGTTTTTT,1
TGTGCCAGCAGCTCAGAAAGGGGGCAATATGGCTACACCTTC,1
TGTGCCAGCAGCTCCAGGGGGCCGAACACTGAAGCTTTCTTT,1
TGTGCCAGCAGCTCCCCGCCGAGTGAGCAGTACTTC,1
TGTGCCAGCAGCTCCCGGTGGGGGGGGTCGGGCAATCAGCCCCAGCATTTT,1
TGTGCCAGCAGCTCCCTAGCGGGGGGGTTCCCCGGGGAGCTGTTTTTT,1
TGTGCCAGCAGCTCCCTGGACAGGGACACTGAAGCTTTCTTT,2
TGTGCCAGCAGCTCCGGGACAGTCACTGAAGCTTTCTTT,1
TGTGCCAGCAGCTCCGGGACTCCATCCTACAATGAGCAGTTCTTC,1
TGTGCCAGCAGCTCGGGACTAGAGGGCGAGCAGTACTTC,1
TGTGCCAGCAGCTCTATCGCTTCCAACTATGGCTACACCTTC,1
TGTGCCAGCAGCTCTCCGGGACTATACTACGAGCAGTACTTC,1
TGTGCCAGCAGCTCTCGTCAGAGAGGGACTGAAGCTTTCTTT,1
TGTGCCAGCAGCTGCCCCTCCTACAATGAGCAGTTCTTC,1
TGTGCCAGCAGCTGGGGAGAGAACACTGAAGCTTTCTTT,1
TGTGCCAGCAGCTTAAACCTGACGGGTAGCAATCAGCCCCAGCATTTT,1
TGTGCCAGCAGCTTAACAGGGAAAACTGAAGCTTTCTTT,1
TGTGCCAGCAGCTTAACAGGTTCGGGGAACACTGAAGCTTTCTTT,1
TGTGCCAGCAGCTTAACTCCCAACAGGGACTCCTACGAGCAGTACTTC,1
TGTGCCAGCAGCTTAATGGAAGCGGCTTCACCCCTCCACTTT,1
TGTGCCAGCAGCTTACATATGACTAGCGGGGGATCCTACAATGAGCAGTTCTTC,1
TGTGCCAGCAGCTTACGGCGGAGCTCCTACAATGAGCAGTTCTTC,1
TGTGCCAGCAGCTTAGAAACAGGGGTGAGGAATAATTCACCCCTCCACTTT,1
TGTGCCAGCAGCTTAGAAGCGGGGATGGCGGATACGCAGTATTTT,1
TGTGCCAGCAGCTTAGACGAGGGTCAGCCCCAGCATTTT,1
TGTGCCAGCAGCTTAGAGAGCTTACATTCACCCCTCCACTTT,2
TGTGCCAGCAGCTTAGAGGACATCTACTATGGCTACACCTTC,1
TGTGCCAGCAGCTTAGAGGGGGGGGCTCCCTACGAGCAGTACTTC,1
TGTGCCAGCAGCTTAGATCAGGCCCAGCCCCAGCATTTT,1
TGTGCCAGCAGCTTAGATTGGGACAGGAACGAGCAGTTCTTC,1
TGTGCCAGCAGCTTAGATTTGGTCGGGATCCAGAATTCACCCCTCCACTTT,1
TGTGCCAGCAGCTTAGCCGCAGTACGGAGGGACTATGGCTACACCTTC,1
TGTGCCAGCAGCTTAGCGCCAGGGGGGTCTGAAGCTTTCTTT,1
TGTGCCAGCAGCTTAGCGCCTAGAGATACGCAGTATTTT,1
TGTGCCAGCAGCTTAGCGGGGGCGAGCACAGATACGCAGTATTTT,1
TGTGCCAGCAGCTTAGCTCCAGGTCAAAGCAATCAGCCCCAGCATTTT,1
TGTGCCAGCAGCTTAGCTGGTAGTATGAACACTGAAGCTTTCTTT,1
TGTGCCAGCAGCTTAGGACAGGGGGCCGTAAGTGGAAACACCATATATTTT,1
TGTGCCAGCAGCTTAGGCAGGGCGAACACTGAAGCTTTCTTT,1
TGTGCCAGCAGCTTAGGCCCGGTGGGGAACACTGAAGCTTTCTTT,1
TGTGCCAGCAGCTTAGGGAGGCAAGTTGGAGCTGAAGAGACCCAGTACTTC,1
TGTGCCAGCAGCTTAGGGAGGGACAGATATTCACCCCTCCACTTT,1
TGTGCCAGCAGCTTAGGGCAGCCGAGCACAGATACGCAGTATTTT,1
TGTGCCAGCAGCTTAGGGCCCACTGAAGCTTTCTTT,1
TGTGCCAGCAGCTTAGGGCCGAGCGGGGACGCCACAGATACGCAGTATTTT,1
TGTGCCAGCAGCTTAGGGGACAGGAATTCACCCCTCCACTTT,1
TGTGCCAGCAGCTTAGGGGGACAGACCTACGAGCAGTACTTC,1
TGTGCCAGCAGCTTAGGGTCAGGGGGGGGATCACCCCTCCACTTT,1
TGTGCCAGCAGCTTAGGTGACAGGTTGATTAGTGAAAAACTGTTTTTT,1
TGTGCCAGCAGCTTAGTATCCCTCGGGGTTTCACCCCTCCACTTT,1
TGTGCCAGCAGCTTAGTCAGCCTACAAGACAATGAGCAGTTCTTC,1
TGTGCCAGCAGCTTAGTGAATTATGGCTACACCTTC,1
TGTGCCAGCAGCTTAGTGGGGAGCGGTGAAGCTTTCTTT,1
TGTGCCAGCAGCTTATATTCGGCGGGAGGCTACACCTTC,1
TGTGCCAGCAGCTTATTAGCACAGGATTCTGGAAACACCATATATTTT,1
TGTGCCAGCAGCTTCATCGACTTGAACACTGAAGCTTTCTTT,1
TGTGCCAGCAGCTTCCGGCAGGTCGGGCAGCCCCAGCATTTT,1
TGTGCCAGCAGCTTCGGACAGCTTTATAGCAATCAGCCCCAGCATTTT,1
TGTGCCAGCAGCTTCGGGTATCCTAGTAGCAATCAGCCCCAGCATTTT,1
TGTGCCAGCAGCTTGAAGGGTACCGAAAAACTGTTTTTT,1
TGTGCCAGCAGCTTGACAGGGAACCCCTACGAGCAGTACTTC,1
TGTGCCAGCAGCTTGACCGGGACGGGGAGTGAAAAACTGTTTTTT,1
TGTGCCAGCAGCTTGCCCAGGGGAAATCAGCCCCAGCATTTT,1
TGTGCCAGCAGCTTGCGAGGAGTGACAGGGGCTTCACCCCTCCACTTT,1
TGTGCCAGCAGCTTGGACCAGGCCAATGAAAAACTGTTTTTT,1
TGTGCCAGCAGCTTGGAGGGGAACACTGAAGCTTTCTTT,1
TGTGCCAGCAGCTTGGAGGGGGGCAGGGGGGATGAAAAACTGTTTTTT,1
TGTGCCAGCAGCTTGGCCGAGGGCTCACCCCTCCACTTT,1
TGTGCCAGCAGCTTGGCCGCGGGCAGCGTAAACACTGAAGCTTTCTTT,1
TGTGCCAGCAGCTTGGCGTACACTAGCGGGGGGGACTACGAGCAGTACTTC,1
TGTGCCAGCAGCTTGGGACAGCTAACGGCCCAGTACTTC,1
TGTGCCAGCAGCTTGGGACAGGGGAATACTGAAGCTTTCTTT,1
TGTGCCAGCAGCTTGGGACCCGGGGGGACTGAGCAGTACTTC,1
TGTGCCAGCAGCTTGGGAGGATTAAGCTCCTACGAGCAGTACTTC,1
TGTGCCAGCAGCTTGGGAGGCGGGGACGAGCAGTACTTC,1
TGTGCCAGCAGCTTGGGCGGTGAGAACACTGAAGCTTTCTTT,1
TGTGCCAGCAGCTTGGTTGGGGGCATGGACACTGAAGCTTTCTTT,1
TGTGCCAGCAGCTTGTCCCGAGACACTGAAGCTTTCTTT,1
TGTGCCAGCAGCTTGTCGGGGGGGCGGTACAATGAGCAGTTCTTC,1
TGTGCCAGCAGCTTGTTGAATCAGCCCCAGCATTTT,1
TGTGCCAGCAGCTTTAGTATGAACACTGAAGCTTTCTTT,1
TGTGCCAGCAGCTTTCAGAGCAGAGGGAACACTGAAGCTTTCTTT,1
TGTGCCAGCAGCTTTCAGGGGGATGGAAACACCATATATTTT,1
TGTGCCAGCAGCTTTCTACCGTCGAACACTGAAGCTTTCTTT,1
TGTGCCAGCAGCTTTGGACAGCCTAATCAGCCCCAGCATTTT,1
TGTGCCAGCAGGAACGGACAGTCCACCGGGGAGCTGTTTTTT,1
TGTGCCAGCAGGACAGGGGAGGCCTATGGCTACACCTTC,1
TGTGCCAGCAGGACCGGGCCTGGCGGTGAGGGCTACACCTTC,1
TGTGCCAGCAGGAGAAAGCAGGGGGGCAACACCGGGGAGCTGTTTTTT,1
TGTGCCAGCAGGAGAATGACTAGCTCCACAGATACGCAGTATTTT,1
TGTGCCAGCAGGAGACAGGAGACCGGGGAGCTGTTTTTT,1
TGTGCCAGCAGGAGACAGGGGGACTTTGGAAACACCATATATTTT,1
TGTGCCAGCAGGCAACCGGGCGGGCTCACTGAAGCTTTCTTT,1
TGTGCCAGCAGGCGACGTGGAGAAGCTAATGGGGAGACCCAGTACTTC,1
TGTGCCAGCAGGCGGACAGGGAGGACTGAAGCTTTCTTT,1
TGTGCCAGCAGGCGGGACAGGCGGACTAGCGGGGCTCAGATCTACTACGAGCAGTACTTC,1
TGTGCCAGCAGGCTTTCCCCGGACAGCTATGGCTACACCTTC,1
TGTGCCAGCAGGGAACGGGCCATAAGGGAGACCCAGTACTTC,1
TGTGCCAGCAGGGACCTGGCGGAGACCCAGTACTTC,1
TGTGCCAGCAGGGAGGGACTAGCGGGAGCCGGGGAGCTGTTTTTT,1
TGTGCCAGCAGGGATATAGAGGGAGCTTTCTTT,1
TGTGCCAGCAGGGGGACGGGTGGCGAGACCCAGTACTTC,1
TGTGCCAGCAGGGGGGCCACTAGCACAGATACGCAGTATTTT,1
TGTGCCAGCAGGGGTCGTAGCAATCAGCCCCAGCATTTT,1
TGTGCCAGCAGGGTACAGGGGGCCGGGGAGCTGTTTTTT,1
TGTGCCAGCAGGTGGGCTCCGACAGGGTATGAAGCTTTCTTT,1
TGTGCCAGCAGTAAACAGGGTATGAACACTGAAGCTTTCTTT,1
TGTGCCAGCAGTAAGGGGACAGGGCGAGGCTACACCTTC,1
TGTGCCAGCAGTACACGACAGGGGACCGGGGAGCTGTTTTTT,1
TGTGCCAGCAGTACAGCGGGCAGAAACAATGAGCAGTTCTTC,1
TGTGCCAGCAGTACATCAGGTGACTATGGCTACACCTTC,1
TGTGCCAGCAGTACCATAGGACAGGGGGGGAACATTCAGTACTTC,1
TGTGCCAGCAGTACGTACGCGGGGGGTGAAGCTTTCTTT,1
TGTGCCAGCAGTAGCGGGGGGGCCACAGATACGCAGTATTTT,2
TGTGCCAGCAGTAGGGGACAGGGGGCTTTCTTT,1
TGTGCCAGCAGTAGGGGACTCTTCGACGAGCAGTACTTC,1
TGTGCCAGCAGTATAAGGAGACGAGGAGCTGGCACCGGGGAGCTGTTTTTT,1
TGTGCCAGCAGTATCCGTGGCGGGGGATCGGATACGCAGTATTTT,1
TGTGCCAGCAGTATCGGACAGGGCGAAACAGATACGCAGTATTTT,1
TGTGCCAGCAGTCAAGCGGGGGGACAAGAGACCCAGTACTTC,1
TGTGCCAGCAGTCCAATTGGCAGCACTGAAGCTTTCTTT,1
TGTGCCAGCAGTCCAGTGACCTCTGGAAACACCATATATTTT,1
TGTGCCAGCAGTCCCACACACGGGGGATCAGAGGGCTACACCTTC,1
TGTGCCAGCAGTCCCACCTCGCCAGAAAGCAGTAAAGAGACCCAGTACTTC,1
TGTGCCAGCAGTCCCAGGGGGCCCAATAGCAATCAGCCCCAGCATTTT,1
TGTGCCAGCAGTCCCCAGACAGGGCTGAGCGAGCAGTTCTTC,1
TGTGCCAGCAGTCCCCCAGCTAACTATGGCTACACCTTC,1
TGTGCCAGCAGTCCCCGGACAGGGGGCCTTCAGCCCCAGCATTTT,1
TGTGCCAGCAGTCCCCGGGGTCCCGAGCAGTACTTC,1
TGTGCCAGCAGTCCCCTGGGCAGGGTCACTGAAGCTTTCTTT,1
TGTGCCAGCAGTCCCCTTTGGGCTAATGAAAAACTGTTTTTT,1
TGTGCCAGCAGTCCCGGGCCTGCCCGGTTGCCCCAGCATTTT,1
TGTGCCAGCAGTCCCGGGGGGGCGGGCGCTTTCTTT,1
TGTGCCAGCAGTCCCGGGTCTGAAGCTTTCTTT,1
TGTGCCAGCAGTCCCTCGATCGGAGGGCAGTACTTC,1
TGTGCCAGCAGTCCCTCTAGCGGGGGACCCTACGAGCAGTACTTC,1
TGTGCCAGCAGTCCCTTGACAGGCGTAAATTCACCCCTCCACTTT,1
TGTGCCAGCAGTCCGACCGCGTTGGGGAGTTCACCCCTCCACTTT,1
TGTGCCAGCAGTCCGACGACAGGGCAGCCCCAGCATTTT,1
TGTGCCAGCAGTCCGAGCCGGACTAGCGGGGGCCAAGAGACCCAGTACTTC,1
TGTGCCAGCAGTCCGGGACAGCCTTCCTACGAGCAGTACTTC,1
TGTGCCAGCAGTCCGGGACCGGTCCAAGAGACCCAGTACTTC,1
TGTGCCAGCAGTCCGGGGGAGGGGGCTGACGAAGATACGCAGTATTTT,1
TGTGCCAGCAGTCCTACAGGGCGGAGCACTGAAGCTTTCTTT,1
TGTGCCAGCAGTCCTACCACGAGTGGGACTGAAGCTTTCTTT,1
TGTGCCAGCAGTCGACAGGGCGGCAACGAGCAGTACTTC,1
TGTGCCAGCAGTCGACTAACAGGGACGGATTCACCCCTCCACTTT,1
TGTGCCAGCAGTCGCCAGTCAGATACGCAGTATTTT,1
TGTGCCAGCAGTCTCCTCCGTAGTGTGGCGCGCCGGGGGGCCAACGTCCTGACTTTC,1
TGTGCCAGCAGTCTGGGGACCGAGACCCAGTACTTC,1
TGTGCCAGCAGTCTTTCTAGGAACTATGGCTACACCTTC,1
TGTGCCAGCAGTGAAAACAGGGGGCTTGCGAGCAATCAGCCCCAGCATTTT,1
TGTGCCAGCAGTGAAACACAGACTGAAGCTTTCTTT,1
TGTGCCAGCAGTGAAAGAACAGGGACAACACCCCTCCACTTT,1
TGTGCCAGCAGTGAAAGGGGGAGCCGCGGGGGTACGCAGTATTTT,1
TGTGCCAGCAGTGAAAGGTTGGCTCAGCCCCAGCATTTT,1
TGTGCCAGCAGTGAACAGGGGGCGAACACTGAAGCTTTCTTT,1
TGTGCCAGCAGTGAACCCGGACGGGGATGGGACACCGGGGAGCTGTTTTTT,1
TGTGCCAGCAGTGAACGCCGACAGGTTAGCAATCAGCCCCAGCATTTT,1
TGTGCCAGCAGTGAACTAGCGGGGGGGAACAATGAGCAGTTCTTC,1
TGTGCCAGCAGTGAACTCGGACCTTACGAGCAGTACTTC,1
TGTGCCAGCAGTGAACTGGAGAACACTGAAGCTTTCTTT,1
TGTGCCAGCAGTGAAGAGGCAGGGGGCTCCTACGAGCAGTACTTC,1
TGTGCCAGCAGTGAAGAGGGAACCGGGGAGCTGTTTTTT,1
TGTGCCAGCAGTGAAGAGGGGGATAGCAATCAGCCCCAGCATTTT,1
TGTGCCAGCAGTGAAGCAGAGGTTTGGGCGGGGGCCATTGGAGAAAAACTGTTTTTT,1
TGTGCCAGCAGTGAAGCGGCTAGCAATGAGCAGTTCTTC,1
TGTGCCAGCAGTGAAGCGGGGGACACCGGGGAGCTGTTTTTT,1
TGTGCCAGCAGTGAAGCGGGGGGCACAGATACGCAGTATTTT,3
TGTGCCAGCAGTGAAGGCAGGATTAATTCACCCCTCCACTTT,1
TGTGCCAGCAGTGAAGGCTCACGGGGGAATAATCAGCCCCAGCATTTT,1
TGTGCCAGCAGTGAAGGGACAGGGGGCTCCTACGAGCAGTACTTC,1
TGTGCCAGCAGTGAAGGGGGAAGGGCGCAGTATTTT,1
TGTGCCAGCAGTGAAGTCGACGACGGCTACGAGCAGTACTTC,1
TGTGCCAGCAGTGAATATCACGGGAACACTGAAGCTTTCTTT,1
TGTGCCAGCAGTGAATATTATAGGGACATCTCCTACGAGCAGTACTTC,1
TGTGCCAGCAGTGAATTCGGGGGCCGGGGGGATCAGCCCCAGCATTTT,1
TGTGCCAGCAGTGACACAGGGCTTGGGGCCAACGTCCTGACTTTC,1
TGTGCCAGCAGTGACAGCGGGGGCACAGATACGCAGTATTTT,1
TGTGCCAGCAGTGACAGGGATAACACCGGGGAGCTGTTTTTT,1
TGTGCCAGCAGTGACAGGGGGCACAATGAGCAGTTCTTC,1
TGTGCCAGCAGTGACCAGGGGACAGGGGGACGGGGGTTTGGCTACACCTTC,1
TGTGCCAGCAGTGACCGGGACAACACTGAAGCTTTCTTT,1
TGTGCCAGCAGTGACCTAGCGGGGGCAGATACGCAGTATTTT,1
TGTGCCAGCAGTGACCTCCCGGACAGGATTTTCAGGTACGAGCAGTACTTC,1
TGTGCCAGCAGTGACGGGACAGGCACAGATACGCAGTATTTT,1
TGTGCCAGCAGTGACGGGGGGGACACAGATACGCAGTATTTT,1
TGTGCCAGCAGTGACGGGGGGGCCACAGATACGCAGTATTTT,2
TGTGCCAGCAGTGACTCACAGAACACTGAAGCTTTCTTT,3
TGTGCCAGCAGTGACTCACAGGGGGCTTCACCCCTCCACTTT,1
TGTGCCAGCAGTGACTCAGCGGGGGGGCAAGAGACCCAGTACTTC,3
TGTGCCAGCAGTGACTCGAACACCGGGGAGCTGTTTTTT,1
TGTGCCAGCAGTGACTCGACTAGCGGGGGGGCCGGGGAGCTGTTTTTT,1
TGTGCCAGCAGTGACTCGGCTAGCGGGGGATACAATGAGCAGTTCTTC,1
TGTGCCAGCAGTGACTCGGGGACAGATACGCAGTATTTT,1
TGTGCCAGCAGTGACTCGGTCAACGTTGGGGGCTACACCTTC,2
TGTGCCAGCAGTGACTCTAGCGGGGGGGCCACAGATACGCAGTATTTT,1
TGTGCCAGCAGTGAGCAGGGGGGGAACTATGGCTACACCTTC,1
TGTGCCAGCAGTGAGGACAGCTCTGGGGCCAACGTCCTGACTTTC,1
TGTGCCAGCAGTGAGGACAGGGGGAGCACAGATACGCAGTATTTT,2
TGTGCCAGCAGTGAGGGAACAGGGGGCACTGAAGCTTTCTTT,2
TGTGCCAGCAGTGAGGGACAGGGGGCAACAGATACGCAGTATTTT,2
TGTGCCAGCAGTGAGGGGTCATCCTACGAGCAGTACTTC,1
TGTGCCAGCAGTGAGGGGTCTGGGGCCAACGTCCTGACTTTC,1
TGTGCCAGCAGTGAGTGGGGGCTCGGAAACATTCAGTACTTC,1
TGTGCCAGCAGTGATCGGCAGGGGCATTCACCCCTCCACTTT,1
TGTGCCAGCAGTGCAGAAGGCGATGAGCAGTTCTTC,1
TGTGCCAGCAGTGCCAGTTTAGTTACTGAAGCTTTCTTT,1
TGTGCCAGCAGTGCCCAATCCTACGAGCAGTACTTC,1
TGTGCCAGCAGTGCCCGCCGGGACAGGGCGGGGGAGCAGTACTTC,1
TGTGCCAGCAGTGCCGGGACAGCGCACACAGATACGCAGTATTTT,1
TGTGCCAGCAGTGCCGGTCCGGGGGGGCAGCAAGCTTTCTTT,1
TGTGCCAGCAGTGCGACAGGGCCCGAGGGATCACCCCTCCACTTT,1
TGTGCCAGCAGTGCGAGTGATAGCTCCTACAATGAGCAGTTCTTC,1
TGTGCCAGCAGTGCGGGGACAGGGTTGGTGAGTGAAAAACTGTTTTTT,1
TGTGCCAGCAGTGCTAGCGGGGGGGCAGATACGCAGTATTTT,1
TGTGCCAGCAGTGGAACAGGGGGCGCGTCTGGGGCCAACGTCCTGACTTTC,1
TGTGCCAGCAGTGGACAATTGAACACTGAAGCTTTCTTT,1
TGTGCCAGCAGTGGACAGGGGACCGGCTACACCTTC,1
TGTGCCAGCAGTGGAGGAGGAGGAACGCATTTCTTC,1
TGTGCCAGCAGTGGATCGGCAGGCCGCCCCTACGCTTTCTTT,1
TGTGCCAGCAGTGGCACAGGGGCGAACTATGGCTACACCTTC,1
TGTGCCAGCAGTGGGAATCGGATGAACACTGAAGCTTTCTTT,1
TGTGCCAGCAGTGGGACAGCCCTACGACAGTTCTTC,1
TGTGCCAGCAGTGGGACTAACACCGGGGAGCTGTTTTTT,1
TGTGCCAGCAGTGGGACTAGCGGGGGCACAGATACGCAGTATTTT,1
TGTGCCAGCAGTGGGCAGGCTTATAGCAATCAGCCCCAGCATTTT,1
TGTGCCAGCAGTGGGCGGGGGCCCGAAGAGACCCAGTACTTC,1
TGTGCCAGCAGTGGGCTGTCCGGGACAGGCTCCTACGAGCAGTACTTC,1
TGTGCCAGCAGTGGGGCGGACAGCTCTGGGGCCAACGTCCTGACTTTC,2
TGTGCCAGCAGTGGGGGCAAGAAGGGGCAGTACTTC,1
TGTGCCAGCAGTGGGTGGGGAGAGAACTACGAGCAGTACTTC,1
TGTGCCAGCAGTGTAGGGAACTATGGCTACACCTTC,1
TGTGCCAGCAGTGTCTCCTCGCCGCTTAATGAAAAACTGTTTTTT,1
TGTGCCAGCAGTGTTCTAGCGGGGGGCGATACGCAGTATTTT,1
TGTGCCAGCAGTTACAACCGGGTGAACTATGGCTACACCTTC,1
TGTGCCAGCAGTTACAACTCTGGGGCCAACGTCCTGACTTTC,1
TGTGCCAGCAGTTACAAGGCCAACATTCGGCCACCCGGGGAGCTGTTTTTT,1
TGTGCCAGCAGTTACACAAGGGACAGCACGATCCGGCTGGGCTACGAGCAGTACTTC,1
TGTGCCAGCAGTTACACAGGGAACACCATATATTTT,1
TGTGCCAGCAGTTACAGGAACACTGAAGCTTTCTTT,1
TGTGCCAGCAGTTACAGGGAATGGGAAAAACTGTTTTTT,1
TGTGCCAGCAGTTACAGTGGCAGGGGGATGTATAATTCACCCCTCCACTTT,1
TGTGCCAGCAGTTACATGGTCCAGGCTACTAACTATGGCTACACCTTC,3
TGTGCCAGCAGTTACATTAGCGGGGGGCGCCCAGATACGCAGTATTTT,1
TGTGCCAGCAGTTACCAGACAGGGGCTGGGAACTATGGCTACACCTTC,1
TGTGCCAGCAGTTACCAGAGCAATCAGCCCCAGCATTTT,1
TGTGCCAGCAGTTACCCCTTACTAGGGGGCGGCGGCTATGAGCAGTTCTTC,1
TGTGCCAGCAGTTACCCTACAGGAACTGAAGCTTTCTTT,1
TGTGCCAGCAGTTACCCTCCCAGGGGAGTTATGAATTCACCCCTCCACTTT,1
TGTGCCAGCAGTTACCGCACAGGGAATCAGCCCCAGCATTTT,1
TGTGCCAGCAGTTACCGCGGGACAGAAGCTTTCTTT,1
TGTGCCAGCAGTTACCGGGACTCTGGGGCCAACGTCCTGACTTTC,1
TGTGCCAGCAGTTACCGGTCGGGACAGCCATTCTTT,1
TGTGCCAGCAGTTACCGTAGCGGGGGAATCTACAATGAGCAGTTCTTC,1
TGTGCCAGCAGTTACCGTGAGACCTACGAGCAGTACTTC,1
TGTGCCAGCAGTTACCTCTTTCAAGAGACCCAGTACTTC,1
TGTGCCAGCAGTTACGCTCCGCAGGCCCCGTTCTTC,1
TGTGCCAGCAGTTACGCTTCGAACACCGGGGAGCTGTTTTTT,1
TGTGCCAGCAGTTACGGACAGGGGGCTTCGGGCTACACCTTC,1
TGTGCCAGCAGTTACGGACTAGCGGGGGGCTACGAGACCCAGTACTTC,1
TGTGCCAGCAGTTACGGGATAGACCCAGATACGCAGTATTTT,3
TGTGCCAGCAGTTACGGGGCTAGCGGGGGACCCTACGAGCAGTACTTC,1
TGTGCCAGCAGTTACGGGTCCGTAGGGACTGAAGCTTTCTTT,2
TGTGCCAGCAGTTACTATCGCACAGGGGCTTACGAGCAGTACTTC,1
TGTGCCAGCAGTTACTCAGGGGACAATTCACCCCTCCACTTT,1
TGTGCCAGCAGTTACTCCCAGAACACCGGGGAGCTGTTTTTT,1
TGTGCCAGCAGTTACTCCCCTGACGGAAAGAGAGCTTTCTTT,1
TGTGCCAGCAGTTACTCCCGAATTTCATACGAGCAGTACTTC,1
TGTGCCAGCAGTTACTCCCGGACAGCAGAAAAACTGTTTTTT,1
TGTGCCAGCAGTTACTCCCGGACCCGGGGGGATCAGCCCCAGCATTTT,1
TGTGCCAGCAGTTACTCCGACCGGGGGGCCCAGTACTTC,1
TGTGCCAGCAGTTACTCCGGGGGGTATCGCAGCACCGGGGAGCTGTTTTTT,1
TGTGCCAGCAGTTACTCGAAGGCTGAAAAACTGTTTTTT,1
TGTGCCAGCAGTTACTCGACTAGCGGGGGGAATGAGCAGTTCTTC,2
TGTGCCAGCAGTTACTCGAGAAGTCAAGAGACCCAGTACTTC,1
TGTGCCAGCAGTTACTCGAGGTGGTATACGCAGTATTTT,1
TGTGCCAGCAGTTACTCGAGTGGGAACACCTACGAGCAGTACTTC,1
TGTGCCAGCAGTTACTCGATGGTCCAGGGGGACTATGGCTACACCTTC,1
TGTGCCAGCAGTTACTCGATTACCAGCAATCAGCCCCAGCATTTT,1
TGTGCCAGCAGTTACTCGCGGACAGGGGGCACTGAAGCTTTCTTT,1
TGTGCCAGCAGTTACTCGGAAGCTACGGGAGCTTTCTTT,1
TGTGCCAGCAGTTACTCGGCCCGGATGTTCTCTGGAAACACCATATATTTT,1
TGTGCCAGCAGTTACTCGGGATCGGGGGCCTACAATGAGCAGTTCTTC,1
TGTGCCAGCAGTTACTCGTCAAGAGCCGAAGCTTTCTTT,1
TGTGCCAGCAGTTACTCTGTTCAGGCAGGGCGGCGATATGGCTACACCTTC,1
TGTGCCAGCAGTTACTTATTAGGGAGTTACGAGCAGTACTTC,1
TGTGCCAGCAGTTACTTGGGGAACACTGAAGCTTTCTTT,1
TGTGCCAGCAGTTACTTTAAGACACCGAACACTGAAGCTTTCTTT,1
TGTGCCAGCAGTTATAACAGGGCGACCGGGGAGCTGTTTTTT,1
TGTGCCAGCAGTTATCAGAGGAATTCACCCCTCCACTTT,1
TGTGCCAGCAGTTATCCACCGACGGGGGGCACTGAAGCTTTCTTT,1
TGTGCCAGCAGTTATCGGACAGGGGGCGATGGCTACACCTTC,1
TGTGCCAGCAGTTATCGGGACAGGTCGAACTATGGCTACACCTTC,1
TGTGCCAGCAGTTATTCCCCAGTCAGCTCTGGGGCCAACGTCCTGACTTTC,1
TGTGCCAGCAGTTATTCCGCCGACGGGCCCCAGCATTTT,1
TGTGCCAGCAGTTCAAAGACCACAGGGCTCACTGAAGCTTTCTTT,1
TGTGCCAGCAGTTCAGGGCCGGTGAACACTGAAGCTTTCTTT,1
TGTGCCAGCAGTTCAGGGTCTAGCTCCTACGAGCAGTACTTC,1
TGTGCCAGCAGTTCATCAAAATTGTACGAGCAGTACTTC,1
TGTGCCAGCAGTTCCACACCCAACGGGGAGTTCTTC,1
TGTGCCAGCAGTTCCCCAAGACCGGCCGATACGCAGTATTTT,1
TGTGCCAGCAGTTCCCCAGGGAGATACGAGCAGTACTTC,1
TGTGCCAGCAGTTCCCCGACAGGCAGCTCCTACGAGCAGTACTTC,1
TGTGCCAGCAGTTCCCCGGCCCGGCAGGAGGGGGGAAGCTCCTACAATGAGCAGTTCTTC,1
TGTGCCAGCAGTTCCCCTAGCGGGGCAGAAGAGACCCAGTACTTC,1
TGTGCCAGCAGTTCCCGACAGGGGGGCTCAGATACGCAGTATTTT,1
TGTGCCAGCAGTTCCCTTATCAGCTCCTACGAGCAGTACTTC,1
TGTGCCAGCAGTTCCGACAGGGTAATCTACGAGCAGTACTTC,1
TGTGCCAGCAGTTCGACCCCAGGGGCCCAGTACTTC,1
TGTGCCAGCAGTTCGACCGGCGGGGCGGGGACCTACGAGCAGTACTTC,1
TGTGCCAGCAGTTCTACAGGGGGCCGGGATGAAAAACTGTTTTTT,1
TGTGCCAGCAGTTCTCCGGGACCCGGCGGCAATGAGCAGTTCTTC,1
TGTGCCAGCAGTTCTGACAGGACCTACGAGCAGTACTTC,1
TGTGCCAGCAGTTCTTCAGGGAACACTGAAGCTTTCTTT,1
TGTGCCAGCAGTTGGACGGCTGGAAGCTACACCTTC,1
TGTGCCAGCAGTTGGGACAGCTCTGGGGCCAACGTCCTGACTTTC,3
TGTGCCAGCAGTTGGGACAGTTACGAGCAGTACTTC,1
TGTGCCAGCAGTTTAACCCCCGATCCCGACAATGAGCAGTTCTTC,1
TGTGCCAGCAGTTTAACTCGGCAGAGTTACCTTGAAGCTTTCTTT,1
TGTGCCAGCAGTTTAAGGCACATTAGCAATCAGCCCCAGCATTTT,1
TGTGCCAGCAGTTTAAGGGTGAACACTGAAGCTTTCTTT,1
TGTGCCAGCAGTTTAATCTGGACAGGGAATGAGCAGTTCTTC,1
TGTGCCAGCAGTTTAATGAGGGATGCCGGGGAGCTGTTTTTT,1
TGTGCCAGCAGTTTACAAGTCGGGGGGGACTACGAGCAGTACTTC,1
TGTGCCAGCAGTTTACGCCCGGGACGAGCCTACGAGCAGTACTTC,1
TGTGCCAGCAGTTTACGGAGACAGGGGGCATGGACCGGGGAGCTGTTTTTT,1
TGTGCCAGCAGTTTACTGTCAGTTTCAGAGACCCAGTACTTC,1
TGTGCCAGCAGTTTAGATCCACGGGGAGGGGGCAGCTACGAGCAGTACTTC,1
TGTGCCAGCAGTTTAGCCGGGACAGGGAAGTTGGAAGCTTTCTTT,1
TGTGCCAGCAGTTTAGCGGGGGGGCACACAGATACGCAGTATTTT,1
TGTGCCAGCAGTTTAGCTCAAGGTTCCAACACCATATATTTT,1
TGTGCCAGCAGTTTAGGACAGGTCTCTGGGGCCAACGTCCTGACTTTC,1
TGTGCCAGCAGTTTAGGGCTCGGGAGCTCCTATAATTCACCCCTCCACTTT,6
TGTGCCAGCAGTTTAGGGGACAGGGGGAGGGAGACCCAGTACTTC,1
TGTGCCAGCAGTTTAGGTTACCAAGAGACCCAGTACTTC,1
TGTGCCAGCAGTTTATACCCGGGACAGGTGAGCACAGATACGCAGTATTTT,1
TGTGCCAGCAGTTTATACTCGTATATAACAGGGGAGGAAAAACTGTTTTTT,1
TGTGCCAGCAGTTTATCAGCCGGGGAGCTGTTTTTT,1
TGTGCCAGCAGTTTATCCGCAGGGATGAACACTGAAGCTTTCTTT,1
TGTGCCAGCAGTTTATCGGGTCTAGAACGCAATCAGCCCCAGCATTTT,1
TGTGCCAGCAGTTTATCTGGTTTGGACACTGAAGCTTTCTTT,1
TGTGCCAGCAGTTTATGGACAGGGTTTGGGAACTATGGCTACACCTTC,1
TGTGCCAGCAGTTTATGGTTGGGCGGGAACACTGAAGCTTTCTTT,1
TGTGCCAGCAGTTTCAGCTCACGGACCGGAAACACCATATATTTT,1
TGTGCCAGCAGTTTCATTGGGGCTGGGACTGAAGCTTTCTTT,1
TGTGCCAGCAGTTTCGACGGGGGGCCCGCCTACGAGCAGTACTTC,1
TGTGCCAGCAGTTTCGGGCGGGGGTGTGAAGCTTTCTTT,1
TGTGCCAGCAGTTTCTACCAGAACTATGGCTACACCTTC,1
TGTGCCAGCAGTTTGAACTTACGGGGAGATACGCAGTATTTT,1
TGTGCCAGCAGTTTGAGGGGTAACGAGCAGTACTTC,1
TGTGCCAGCAGTTTGCAGGGGGCGGGATCCTACGAGCAGTACTTC,1
TGTGCCAGCAGTTTGCATATGGGGGCCGGCGGCTACACCTTC,1
TGTGCCAGCAGTTTGGAGGGGGCTGGGGTCAATGAGCAGTTCTTC,1
TGTGCCAGCAGTTTGGCCCGGAACACTGAAGCTTTCTTT,1
TGTGCCAGCAGTTTGGGACCGGGGGCAGATACGCAGTATTTT,1
TGTGCCAGCAGTTTGGGGGAGAACACTGAAGCTTTCTTT,1
TGTGCCAGCAGTTTGGTTACCCCGAAGGGGACCCAGTACTTC,1
TGTGCCAGCAGTTTGTCCTACGAGCAGTACTTC,1
TGTGCCAGCAGTTTTAAACCTACCTACGAGCAGTACTTC,1
TGTGCCAGCAGTTTTAGCGGGGGCCGGGACGAGCAGTACTTC,1
TGTGCCAGCAGTTTTAGGCGTCAGCCCCAGCATTTT,1
TGTGCCAGCAGTTTTCTCGGGGAGAGCACAGATACGCAGTATTTT,1
TGTGCCAGCAGTTTTGACGCTGGGGGTACGCAGTATTTT,1
TGTGCCAGCAGTTTTGAGCAGGGCTTAAACTATGGCTACACCTTC,1
TGTGCCAGCAGTTTTGGGCGAGTCTGGTATGGAAACACCATATATTTT,1
TGTGCCAGCAGTTTTTCAGATACGCAGTATTTT,1
TGTGCCAGCATAAGGGACAGGAATGAAAAACTGTTTTTT,1
TGTGCCAGCATCACACCGCTCAGTTGGCGCACTGAAGCTTTCTTT,1
TGTGCCAGCATCCCCCAACCGGGACAATCTACCACCGGGGAGCTGTTTTTT,1
TGTGCCAGCATCCGACAGGGGCGCAACACTGAAGCTTTCTTT,1
TGTGCCAGCATTAGTCAGGATATCTACGAGCAGTACTTC,1
TGTGCCAGCCACAGTATCTACGAGCAGTACTTC,1
TGTGCCAGCCCTTCAAGGGGGAACTCTGGGGCCAACGTCCTGACTTTC,1
TGTGCCAGCCTACCAATAACCGGGGGAGTGGCGACCCAGTACTTC,1
TGTGCCAGCCTCGGGCCCCGAGGGGGCAGGGCCTACGAGCAGTACTTC,1
TGTGCCAGCGAAAGTAATCAGCCCCAGCATTTT,1
TGTGCCAGCGACCAGGGGTTCAGGACCTACGAGCAGTACTTC,1
TGTGCCAGCGACTACTCCTACAATGAGCAGTTCTTC,1
TGTGCCAGCGATAACCCGCGGGAGAGAGCTTTCTTT,1
TGTGCCAGCGCACCCCTTGGGTCCTACGAGCAGTACTTC,1
TGTGCCAGCGCAGAGGGTGTCGGGTCACCCCTCCACTTT,1
TGTGCCAGCGCCGGGACTAGCGGGGGGCACGATACGCAGTATTTT,1
TGTGCCAGCGCCGGGACTCGCTCCGAGCAGTACTTC,1
TGTGCCAGCGCTGGCCGAGCAAAGTCGGATACGCAGTATTTT,1
TGTGCCAGCGGCAGGGTTGGCACTGAAGCTTTCTTT,1
TGTGCCAGCGGCTCCTCCTATAATTCACCCCTCCACTTT,1
TGTGCCAGCGGCTTAAGACAGGGAAGTGAAGCTTTCTTT,1
TGTGCCAGCGGCTTTTACAGGGCGCAGCCCCAGCATTTT,1
TGTGCCAGCGGGACTAGCGGGTTCAGGGATACGCAGTATTTT,1
TGTGCCAGCGGGGCGATCTATAATTCACCCCTCCACTTT,1
TGTGCCAGCGGGGGGCAGTCCCAGCATTTT,1
TGTGCCAGCGGGGGGGCGGGCAATCAGCCCCAGCATTTT,1
TGTGCCAGCGGTTCTGGAAACACCATATATTTT,1
TGTGCCAGCGGTTTAGAGAGAAACACCATATATTTT,1
TGTGCCAGCGGTTTCCGGGGGAATGGCTACACCTTC,1
TGTGCCAGCGTAGGACTAGGTGGCGAGCAGTACTTC,1
TGTGCCAGCTATAGGCCCAACACTGAAGCTTTCTTT,1
TGTGCCAGCTCACCACTCAGCCTAGCGGGGGTCGGGGAGCTGTTTTTT,1
TGTGCCAGCTCACCACTTTCCTCCGAGTCTATAGTCGGAAACACCATATATTTT,1
TGTGCCAGCTCACCCCGCAGGGGCAATCAGCCCCAGCATTTT,1
TGTGCCAGCTCATCCTCGTCGTCAGGGGCCACTGAAGCTTTCTTT,1
TGTGCCAGCTCCAAAAAATCACCCCTCCACTTT,1
TGTGCCAGCTCCCCGACAGGGGACGGAGCCAATCAGCCCCAGCATTTT,1
TGTGCCAGCTCCCTAAGCGGAAAACAGAATTCCCAGCATTTT,1
TGTGCCAGCTCTCCCCGGGACAGGAGACAAGAGACCCAGTACTTC,7
TGTGCCAGCTGGGCTAGCGGGGGCACAGATACGCAGTATTTT,1
TGTGCCAGGGCCAAGGACAGAAAAAACAATAATTCACCCCTCCACTTT,1
TGTGCCAGGGGATCAGGGGGCGCGGGAGAGACCCAGTACTTC,1
TGTGCCAGGGTGGGCGGTGACTATGGCTACACCTTC,1
TGTGCCAGTAAGGGGGCCGGGACAGCTATATCTGGGGCCAACGTCCTGACTTTC,1
TGTGCCAGTACCTTAGGACAGGACCTTGGCGGCTACACCTTC,1
TGTGCCAGTACTAGGGGAGATACGCAGTATTTT,1
TGTGCCAGTAGAAACCCCCCGGCCACTGAAGCTTTCTTT,1
TGTGCCAGTAGAACCGGGACAGGGATTGGCACCGGGGAGCTGTTTTTT,1
TGTGCCAGTAGCCACGGGACTAGGGAAGAGACCCAGTACTTC,1
TGTGCCAGTAGCCCAGGGTGGAACTATGGCTACACCTTC,1
TGTGCCAGTAGCCTGACAGGTTTAAGCAATCAGCCCCAGCATTTT,1
TGTGCCAGTAGTAAGGGAGATCTCTCTTCAGGGTCACCCCTCCACTTT,1
TGTGCCAGTAGTAAGGGGAGGCCGCGCGGGCACTATGGCTACACCTTC,1
TGTGCCAGTAGTACGCCACAGTACTACGGCTACACCTTC,1
TGTGCCAGTAGTAGACGACAGGGAGAGAACCAGCCCCAGCATTTT,1
TGTGCCAGTAGTAGGACAGGGGCCACTGAAGCTTTCTTT,1
TGTGCCAGTAGTATAACAGGGGGAATATACGAGCAGTACTTC,1
TGTGCCAGTAGTATAGAAGAGGGGTTGAGCGTATATAGCAATCAGCCCCAGCATTTT,1
TGTGCCAGTAGTATAGGGTGGGGGACTCTCCAGCCCCAGCATTTT,1
TGTGCCAGTAGTATTCCGGGTCTTGGGTCACCCCTCCACTTT,1
TGTGCCAGTAGTATTGCCGTCGCACTGAACACTGAAGCTTTCTTT,1
TGTGCCAGTAGTATTTCGTCAGTAAATTCACCCCTCCACTTT,1
TGTGCCAGTAGTGCGCAATTGGCAGCCCAGCATTTT,1
TGTGCCAGTAGTTCCAGTAACGGAAGGCACAATGAGCAGTTCTTC,1
TGTGCCAGTAGTTTCCGGGTTCGGCAGCCCCAGCATTTT,1
TGTGCCAGTGAGATGCTTCGTGGCACTGAAGCTTTCTTT,1
TGTGCCAGTGCCTCCTGGGGGACTGAAGCTTTCTTT,1
TGTGCCAGTGGACAGGGGGTCGTGTACGAGCAGTACTTC,1
TGTGCCAGTGGAGAGGGGGGCGAGCAGTACTTC,1
TGTGCCAGTGGGGAGAACGGGCTGAGCACAGATACGCAGTATTTT,1
TGTGCCAGTGTACTTGGGACAGCTTTTTTTGGGAAGTACTTC,1
TGTGCCAGTTTGGGACTAGCGACAGATACGCAGTATTTT,1
TGTGCCATCACCAAGGACGGGGGTAATTATCGAGATACGCAGTATTTT,1
TGTGCCATCACCGAGGTGGGGGAGGGCTACACCTTC,4
TGTGCCATCACGGACAGGGAATACGGCTACACCTTC,1
TGTGCCATCACTGCAGGGAAGTTGAACACTGAAGCTTTCTTT,1
TGTGCCATCAGAAGTGACAGGGGCGCCTATGGCTACACCTTC,1
TGTGCCATCAGGACAGGTCAGGCACCTGGGTCTGAAGCTTTCTTT,1
TGTGCCATCAGTGACAGGGGGCAAACTAATGAAAAACTGTTTTTT,1
TGTGCCATCAGTGAGAACAAAAGCAATCAGCCCCAGCATTTT,1
TGTGCCATCAGTGAGCAGACAGGGAGGACTGAAGCTTTCTTT,1
TGTGCCATCAGTGAGTCCCCAGGGTCAAGTACTGAAGCTTTCTTT,1
TGTGCCATCAGTGAGTCGGAGGGCTACACCTTC,1
TGTGCCATCAGTGAGTTAGCGGGGGGGCAAGAGACCCAGTACTTC,1
TGTGCCATCAGTGATGGGTTTAATGAAAAACTGTTTTTT,1
TGTGCCATCGCGGGGGGGCCAGGGAATGAGCAGTTCTTC,1
TGTGCCCAGACAGGGAGTTCCTACGAGCAGTACTTC,1
TGTGCCGCGGGGGGCAGGAGCAATCAGCCCCAGCATTTT,1
TGTGCCGGTGCGGGGGGGCCGGACGGGGAGCTGTTTTTT,1
TGTGCCTCACAAGGCAGGAGGGACACTGAAGCTTTCTTT,1
TGTGCCTCCCGAGGACAGGCCTCCTATGGCTACACCTTC,2
TGTGCCTCCGGACAGGGGGCGCAGGGTGAAAAACTGTTTTTT,1
TGTGCCTCGGGCCGGAGACCCTCCTACGAGCAGTACTTC,1
TGTGCCTCTTCTCCAGGGGGCGCGGGGGAGCAGTACTTC,1
TGTGCCTGGAATATCCGGCTAGCGGGGAACAATGAGCAGTTCTTC,1
TGTGCCTGGACTTGGTTGGGGGGCGGAACTGAAGCTTTCTTT,1
TGTGCCTGGAGACCTTTTGAGGGGGCCGTAGGGGAAAAACTGTTTTTT,1
TGTGCCTGGAGACTGGGGGTCACGGACGATAAGTACTTC,1
TGTGCCTGGAGATTCAACACTGAAGCTTTCTTT,1
TGTGCCTGGAGCCGCCGGTTGGGCCCACCACCTGAAGCTTTCTTT,1
TGTGCCTGGAGGGGACAGTCCCTCTCCTACGAGCAGTACTTC,1
TGTGCCTGGAGTAGGGGGCTAGCGACAGATACGCAGTATTTT,1
TGTGCCTGGAGTATTAGGACGGCGGGTACTGAAGCTTTCTTT,1
TGTGCCTGGAGTCAGGGCGCTGAAGCTTTCTTT,1
TGTGCCTGGAGTCCACAGGGTTACGAGCAGTACTTC,1
TGTGCCTGGAGTCCCAAGGGGGGCAGGGGGAGGCATGGCTACACCTTC,1
TGTGCCTGGAGTGACAGGGCTGAAGCTTTCTTT,1
TGTGCCTGGAGTGACAGTTCGAACACCGGGGAGCTGTTTTTT,1
TGTGCCTGGAGTGCTGACATCGGCTATCAGCCCCAGCATTTT,1
TGTGCCTGGAGTGGCATACCTGGAAACACCATATATTTT,1
TGTGCCTGGAGTGGTCTCACAGATACGCAGTATTTT,1
TGTGCCTGGAGTGTCTCCCCGGCGCTGTTTTTT,1
TGTGCCTGGAGTGTGGAGGGCAGGGCCTATAATTCACCCCTCCACTTT,1
TGTGCCTGGAGTGTTTCTCCAGGGGGGAACACTGAAGCTTTCTTT,1
TGTGCCTGGAGTTTGCGGGGTAACACTGAAGCTTTCTTT,1
TGTGCCTGGATACGTTCCGGGGTGGATGAAAAACTGTTTTTT,1
TGTGCCTGGGACAGGAGTACTGAAGCTTTCTTT,1
TGTGCCTGGGACAGGGGCCGCGCCTACGAGCAGTACTTC,1
TGTGCCTGGGATCATCTAGCGGGGGGAAGTTGGGATGAGCAGTTCTTC,1
TGTGCCTGGGCCCAGGGACAGGGTTTCACTGAAGCTTTCTTT,1
TGTGCGCTTAGACCCCCCGGGACAAACTATGGCTACACCTTC,1
TGTGCTACAGGAGTCAGGACAGATACGCAGTATTTT,1
TGTGCTAGCAGCTTAGGCCGACAGATCTACAATGAGCAGTTCTTC,1
TGTGCTAGCGCCCCCAGCGGGGGCTACACCGGGGAGCTGTTTTTT,1
TGTGCTAGTGGCCTCCCCCCAGGAAGGCGGGTCTTT,1
TGTGCTAGTGGTCCAAGCGGGGGAACCTACAATGAGCAGTTCTTC,1